event_id,category,t_hours,detection_ms,recovery_s,service_affecting,operator_intervention,intervention_min
1,tracking_loss,0.7866,63.4,6.83,yes,no,
2,tracking_loss,3.589,62.0,3.67,yes,no,
3,tracking_loss,4.8779,96.8,5.55,yes,no,
4,tracking_loss,8.7495,99.6,2.25,yes,no,
5,tracking_loss,9.5969,95.4,4.8,yes,no,
6,tracking_loss,13.1336,97.5,2.43,yes,no,
7,tracking_loss,14.5102,87.6,4.27,yes,no,
8,tracking_loss,14.9749,94.0,4.96,yes,no,
9,tracking_loss,20.8108,102.5,1.7,yes,no,
10,tracking_loss,21.3605,64.9,1.63,yes,no,
11,tracking_loss,24.5419,101.0,2.15,yes,no,
12,tracking_loss,25.627,82.6,3.85,yes,no,
13,tracking_loss,29.0289,50.4,2.6,yes,no,
14,tracking_loss,31.8257,62.5,3.14,yes,no,
15,tracking_loss,33.7514,59.1,3.5,yes,no,
16,tracking_loss,41.4518,55.2,2.19,yes,no,
17,tracking_loss,43.7878,65.4,11.81,yes,no,
18,tracking_loss,46.9561,98.2,2.37,yes,no,
19,tracking_loss,50.6261,91.1,5.8,yes,no,
20,tracking_loss,60.6605,56.2,1.34,yes,no,
21,tracking_loss,68.7327,103.2,4.52,yes,no,
22,tracking_loss,71.8273,66.4,3.28,yes,no,
23,tracking_loss,74.4849,53.3,3.76,yes,no,
24,tracking_loss,79.2528,64.4,2.05,yes,no,
25,tracking_loss,83.4884,68.2,2.72,yes,no,
26,tracking_loss,89.0268,57.2,2.55,yes,no,
27,tracking_loss,91.089,90.4,6.42,yes,no,
28,tracking_loss,96.9402,67.3,1.77,yes,no,
29,tracking_loss,97.2602,96.1,3.01,yes,no,
30,tracking_loss,99.4308,63.9,2.08,yes,no,
31,tracking_loss,101.2178,101.8,2.52,yes,no,
32,tracking_loss,102.9813,63.0,1.83,yes,no,
33,tracking_loss,106.6535,54.8,3.21,yes,no,
34,tracking_loss,110.0826,51.8,3.35,yes,no,
35,tracking_loss,112.9166,100.3,2.01,yes,no,
36,tracking_loss,113.458,61.0,3.58,yes,no,
37,tracking_loss,117.2129,98.9,5.34,yes,no,
38,tracking_loss,119.3044,60.1,2.49,yes,no,
39,tracking_loss,122.8354,57.6,1.52,yes,no,
40,tracking_loss,130.8295,92.5,2.75,yes,no,
41,tracking_loss,132.0927,83.3,2.34,yes,no,
42,tracking_loss,135.5606,55.7,4.15,yes,no,
43,tracking_loss,136.6621,50.9,1.92,yes,no,
44,tracking_loss,138.4871,51.4,1.88,yes,no,
45,tracking_loss,143.34,66.8,2.94,yes,no,
46,tracking_loss,145.3426,104.6,5.14,yes,no,
47,tracking_loss,145.7901,61.5,4.65,yes,no,
48,tracking_loss,153.6318,94.7,2.82,yes,no,
49,tracking_loss,153.8088,84.7,2.4,yes,no,
50,tracking_loss,154.6667,103.9,2.28,yes,no,
51,tracking_loss,157.3412,52.8,2.88,yes,no,
52,tracking_loss,160.1301,91.8,7.35,yes,no,
53,tracking_loss,162.2249,93.2,2.31,yes,no,
54,tracking_loss,163.4233,67.8,4.05,yes,no,
55,tracking_loss,165.1098,59.6,3.07,yes,no,
56,tracking_loss,165.9164,58.1,4.39,yes,no,
57,tracking_loss,166.1293,54.3,2.66,yes,no,
58,tracking_loss,167.5957,84.0,9.2,yes,no,
59,tracking_loss,170.437,58.6,2.57,yes,no,
60,tracking_loss,175.8318,86.1,2.46,yes,no,
61,tracking_loss,180.6909,89.7,2.69,yes,no,
62,tracking_loss,182.3384,85.4,2.22,yes,no,
63,tracking_loss,184.9255,86.9,2.78,yes,no,
64,tracking_loss,186.8103,53.8,3.95,yes,no,
65,tracking_loss,186.8557,52.3,6.09,yes,no,
66,tracking_loss,187.2267,56.7,2.63,yes,no,
67,tracking_loss,192.1285,65.9,3.43,yes,no,
68,tracking_loss,194.3932,60.6,8.07,yes,no,
69,tracking_loss,197.2123,89.0,2.12,yes,no,
70,tracking_loss,198.6351,88.3,1.97,yes,no,
71,sensor_timeout,1.2794,100.7,0.85,yes,no,
72,sensor_timeout,1.9175,102.6,6.44,yes,no,
73,sensor_timeout,5.2441,102.1,7.01,yes,no,
74,sensor_timeout,13.678,102.5,3.31,yes,no,
75,sensor_timeout,13.8486,103.7,0.47,yes,no,
76,sensor_timeout,14.0274,101.6,3.49,yes,no,
77,sensor_timeout,23.0725,100.8,5.56,yes,no,
78,sensor_timeout,31.8688,103.9,3.09,yes,no,
79,sensor_timeout,36.992,102.7,4.35,yes,no,
80,sensor_timeout,39.1112,100.2,1.58,yes,no,
81,sensor_timeout,43.3469,103.2,4.89,yes,no,
82,sensor_timeout,56.2463,103.3,5.21,yes,no,
83,sensor_timeout,58.5023,104.0,0.34,yes,no,
84,sensor_timeout,65.3906,101.9,9.9,yes,no,
85,sensor_timeout,69.0854,102.9,3.89,yes,no,
86,sensor_timeout,73.0506,103.8,0.72,yes,no,
87,sensor_timeout,75.9978,101.7,1.27,yes,no,
88,sensor_timeout,79.742,102.4,8.62,yes,no,
89,sensor_timeout,82.2068,103.0,0.98,yes,no,
90,sensor_timeout,83.5666,103.5,2.82,yes,no,
91,sensor_timeout,106.5117,100.6,17.07,yes,no,
92,sensor_timeout,107.7074,100.5,1.42,yes,no,
93,sensor_timeout,108.9351,102.3,1.75,yes,no,
94,sensor_timeout,110.1345,103.4,4.61,yes,no,
95,sensor_timeout,124.9413,100.3,5.97,yes,no,
96,sensor_timeout,128.0511,100.0,2.34,yes,no,
97,sensor_timeout,132.8539,102.2,0.6,yes,no,
98,sensor_timeout,151.2024,101.8,3.69,yes,no,
99,sensor_timeout,154.1099,101.0,4.11,yes,no,
100,sensor_timeout,156.8063,101.1,2.13,yes,no,
101,sensor_timeout,157.3068,101.4,2.57,yes,no,
102,sensor_timeout,160.7263,101.3,1.12,yes,no,
103,sensor_timeout,173.6374,100.9,1.94,yes,no,
104,sensor_timeout,188.7467,103.1,0.18,yes,no,
105,sensor_timeout,191.8812,101.5,7.71,yes,no,
106,sensor_timeout,197.8638,100.1,11.97,yes,no,
107,computational_overrun,6.9545,28.4,4.49,yes,no,
108,computational_overrun,9.5313,23.5,2.15,yes,no,
109,computational_overrun,11.9828,26.6,2.3,yes,no,
110,computational_overrun,15.0367,27.8,3.97,yes,no,
111,computational_overrun,16.3255,25.3,3.28,yes,no,
112,computational_overrun,17.9861,15.6,1.32,yes,no,
113,computational_overrun,23.057,29.0,3.58,yes,no,
114,computational_overrun,35.1309,16.8,1.67,yes,no,
115,computational_overrun,39.8798,22.3,1.51,yes,no,
116,computational_overrun,50.3101,16.2,1.42,yes,no,
117,computational_overrun,59.198,21.7,1.82,yes,no,
118,computational_overrun,70.7466,24.7,1.19,yes,no,
119,computational_overrun,82.1472,22.9,1.59,yes,no,
120,computational_overrun,83.9354,24.1,1.89,yes,no,
121,computational_overrun,86.0002,18.0,2.81,yes,no,
122,computational_overrun,93.8297,15.0,7.22,yes,no,
123,computational_overrun,96.5159,20.5,0.99,yes,no,
124,computational_overrun,145.948,21.1,2.05,yes,no,
125,computational_overrun,151.8961,17.4,2.62,yes,no,
126,computational_overrun,159.4305,19.3,2.45,yes,no,
127,computational_overrun,166.0656,27.2,5.32,yes,no,
128,computational_overrun,171.3984,19.9,1.75,yes,no,
129,computational_overrun,180.0365,18.7,1.97,yes,no,
130,computational_overrun,194.3788,26.0,3.03,yes,no,
131,hardware_communication,30.7956,53.6,2.77,yes,no,
132,hardware_communication,35.9537,56.0,5.07,yes,no,
133,hardware_communication,40.8444,189.0,3.9,yes,no,
134,hardware_communication,84.7948,54.4,5.75,yes,no,
135,hardware_communication,97.7049,187.0,9.12,yes,no,
136,hardware_communication,110.2873,210.0,17.41,yes,no,
137,hardware_communication,114.4453,186.0,1.86,yes,no,
138,hardware_communication,118.7721,192.0,4.5,yes,no,
139,hardware_communication,120.8683,55.2,2.29,yes,no,
140,hardware_communication,129.9075,52.1,1.45,yes,no,
141,hardware_communication,131.9043,51.3,3.3,yes,no,
142,hardware_communication,132.5991,50.5,7.64,yes,no,
143,hardware_communication,146.3249,190.0,6.58,yes,no,
144,hardware_communication,171.8853,72.0,1.05,yes,no,
145,hardware_communication,176.7549,52.9,11.52,yes,no,
146,hardware_communication,192.8968,188.0,0.59,yes,no,
147,configuration_inconsistency,11.489,10.3,,no,no,
148,configuration_inconsistency,76.22,9.0,,no,no,
149,configuration_inconsistency,81.3137,5.0,,no,no,
150,configuration_inconsistency,88.4426,7.7,,no,no,
151,configuration_inconsistency,114.3012,11.0,,no,no,
152,configuration_inconsistency,119.9115,5.7,,no,no,
153,configuration_inconsistency,135.4543,6.3,,no,no,
154,configuration_inconsistency,153.0356,8.3,,no,no,
155,configuration_inconsistency,177.9063,7.0,,no,no,
156,configuration_inconsistency,193.3658,9.7,,no,no,
157,network_partition,9.3885,188.0,6.9,yes,yes,29.9
158,network_partition,32.9456,144.0,10.6,yes,yes,21.5
159,network_partition,41.4022,145.0,7.8,yes,yes,34.0
160,network_partition,67.2295,185.0,11.7,yes,yes,24.8
161,network_partition,72.4122,143.0,5.6,yes,yes,27.6
162,network_partition,101.1714,185.0,9.2,yes,yes,32.6
163,constraint_violation,17.9459,19.0,9.4,yes,no,
164,constraint_violation,30.8148,21.0,27.6,yes,no,
165,constraint_violation,32.2928,16.0,13.7,yes,no,
166,constraint_violation,104.8976,24.0,10.9,yes,no,
